<?xml version='1.0' encoding='utf-8'?>
<quartz xmlns="http://www.opensymphony.com/quartz/JobSchedulingData"
  xmlns:xsi="http://www.w3.org/2001/XMLSchema-instance"
  xsi:schemaLocation="http://www.opensymphony.com/quartz/JobSchedulingData
  http://www.opensymphony.com/quartz/xml/job_scheduling_data_1_5.xsd"
  version="1.5">
  <calendar class-name="org.quartz.impl.calendar.HolidayCalendar" replace="true">
    <name>holidayCalendar</name>
    <description>HolidayCalendar</description>
    <base-calendar class-name="org.quartz.impl.calendar.WeeklyCalendar">
      <name>weeklyCalendar</name>
      <description>WeeklyCalendar</description>
      <base-calendar class-name="org.quartz.impl.calendar.AnnualCalendar">
        <name>annualCalendar</name>
        <description>AnnualCalendar</description>
      </base-calendar>
    </base-calendar>
  </calendar>
  <job>
    <job-detail>
      <name>testJob1</name>
      <group>testJobs</group>
      <description>Test Job Number 1</description>
      <job-class>org.quartz.examples.example10.SimpleJob</job-class>
      <volatility>false</volatility>
      <durability>false</durability>
      <recover>false</recover>
      <job-data-map allows-transient-data="true">
        <entry>
          <key>test1</key>
          <value>test1</value>
        </entry>
        <entry>
          <key>test2</key>
          <value>test2</value>
        </entry>
      </job-data-map>
    </job-detail>
    <trigger>
      <cron>
        <name>testTrigger1</name>
        <group>testJobs</group>
        <description>Test Trigger Number 1</description>
        <job-name>testJob1</job-name>
        <job-group>testJobs</job-group>
        <!--
	    <start-time>2003-12-17 2:15:00 pm</start-time>      
        <end-time>2013-12-17 2:15:00 pm</end-time>      
-->
        <cron-expression>0/15 * * ? * *</cron-expression>
        <!-- every 15 seconds... -->
      </cron>
    </trigger>
  </job>
  <job>
    <job-detail>
      <name>testJob2</name>
      <group>testJobs</group>
      <description>Test Job Number 2</description>
      <job-class>org.quartz.examples.example10.SimpleJob</job-class>
      <volatility>false</volatility>
      <durability>false</durability>
      <recover>false</recover>
    </job-detail>
    <trigger>
      <simple>
        <name>testTrigger2</name>
        <group>testJobs</group>
        <description>Test Trigger Number 2</description>
        <calendar-name>holidayCalendar</calendar-name>
        <job-name>testJob2</job-name>
        <job-group>testJobs</job-group>
        <start-time>2004-02-26T12:26:00</start-time>
        <repeat-count>10</repeat-count>
        <repeat-interval>5000</repeat-interval>
      </simple>
    </trigger>
  </job>
</quartz>
